Age,Income,LoanAmount,CreditScore,MonthsEmployed,NumCreditLines,InterestRate,DTIRatio,HasMortgage,HasDependents,Default
59,39073.0,15560.0,635.0,98,7,12.27,39.82,0,0,0
49,60165.0,17435.0,601.0,228,6,13.55,28.98,0,1,0
35,57973.0,9341.0,791.0,41,6,13.51,16.11,0,0,0
63,65241.0,12793.0,627.0,140,7,13.35,19.61,0,1,0
28,39253.0,12013.0,753.0,163,0,19.09,30.6,1,0,0
41,47793.0,11207.0,727.0,119,4,7.53,23.45,0,1,0
59,64169.0,19431.0,633.0,140,1,6.11,30.28,0,0,1
39,77452.0,11853.0,819.0,11,1,5.27,15.3,0,1,0
43,72387.0,22123.0,671.0,36,0,17.28,30.56,1,1,0
31,56477.0,33642.0,771.0,73,4,9.91,59.57,0,0,0
31,46227.0,12931.0,762.0,72,1,13.53,27.97,0,1,0
44,62269.0,16066.0,683.0,51,3,12.54,25.8,0,0,0
56,35355.0,17656.0,710.0,198,2,9.45,49.94,1,1,0
60,40294.0,27681.0,700.0,129,2,16.41,68.7,1,0,0
44,82176.0,14421.0,558.0,55,1,12.49,17.55,1,1,1
23,62237.0,9197.0,655.0,59,5,12.05,14.78,1,1,0
42,48745.0,6136.0,736.0,22,1,13.93,12.59,1,0,0
22,69924.0,14594.0,772.0,102,7,15.88,20.87,1,0,0
44,78166.0,11861.0,592.0,39,7,9.16,15.17,0,0,0
64,46997.0,29070.0,692.0,63,11,16.49,61.86,0,1,1
50,47307.0,27389.0,662.0,230,4,18.8,57.9,1,0,0
58,45052.0,7759.0,641.0,84,9,7.3,17.22,0,1,1
22,72349.0,10025.0,678.0,150,6,14.11,13.86,0,1,0
41,72524.0,15516.0,667.0,156,3,11.78,21.39,1,0,0
53,79946.0,24781.0,693.0,205,0,15.8,31.0,0,1,0
32,73155.0,15399.0,765.0,217,10,8.13,21.05,1,0,0
42,25620.0,10469.0,713.0,178,1,19.52,40.86,1,0,0
64,60057.0,14588.0,675.0,196,9,6.57,24.29,0,1,0
45,35949.0,10601.0,799.0,222,9,12.02,29.49,1,0,0
47,45768.0,19217.0,739.0,88,3,14.74,41.99,0,0,0
62,58071.0,10037.0,643.0,30,0,10.25,17.28,0,1,0
48,70040.0,11427.0,553.0,177,7,9.63,16.31,0,0,0
36,38965.0,23134.0,571.0,19,8,13.89,59.37,1,1,1
35,15000.0,9621.0,725.0,235,3,13.31,64.14,1,1,0
64,58250.0,4877.0,600.0,182,9,13.02,8.37,0,0,0
23,102584.0,15665.0,569.0,208,2,16.43,15.27,1,0,0
57,51349.0,12477.0,589.0,236,1,11.42,24.3,0,1,0
27,55844.0,18580.0,595.0,129,4,14.28,33.27,1,0,0
41,87079.0,17222.0,718.0,152,2,10.97,19.78,0,0,0
29,65625.0,14777.0,637.0,12,9,9.6,22.52,1,1,0
59,58903.0,14573.0,540.0,121,6,11.86,24.74,0,0,0
38,62958.0,9849.0,652.0,102,10,11.0,15.64,0,1,0
24,59504.0,15583.0,668.0,219,5,11.2,26.19,0,0,0
45,34484.0,21169.0,612.0,105,0,17.66,61.39,1,0,1
34,30854.0,8186.0,742.0,118,11,11.98,26.53,0,0,0
29,88963.0,14962.0,616.0,69,7,10.35,16.82,1,1,0
46,58310.0,22269.0,739.0,194,1,13.11,38.19,0,1,0
22,56802.0,18538.0,698.0,185,4,13.42,32.64,0,1,0
40,53376.0,24166.0,724.0,98,8,8.25,45.28,0,0,0
48,69059.0,11023.0,562.0,81,7,11.81,15.96,1,0,1
27,100696.0,2185.0,658.0,74,1,11.65,2.17,0,0,0
64,64431.0,16405.0,646.0,117,8,12.31,25.46,1,0,0
28,44414.0,17538.0,536.0,83,4,15.9,39.49,1,1,1
55,52599.0,24579.0,738.0,191,9,13.55,46.73,1,1,0
34,74278.0,23317.0,585.0,68,5,17.91,31.39,0,0,1
37,44510.0,18757.0,601.0,210,2,12.95,42.14,1,1,0
56,70340.0,20358.0,569.0,213,2,20.1,28.94,1,0,0
60,15000.0,13657.0,706.0,58,9,11.16,91.05,0,1,0
24,50862.0,6466.0,528.0,187,7,9.92,12.71,1,0,1
22,66307.0,15824.0,699.0,210,10,15.19,23.86,0,0,0
26,77862.0,21878.0,734.0,125,9,18.46,28.1,0,0,0
62,40267.0,19595.0,693.0,110,9,7.48,48.66,0,0,0
24,27950.0,20837.0,707.0,61,11,12.21,74.55,0,1,0
49,50307.0,12006.0,711.0,143,1,10.56,23.87,0,0,0
38,34742.0,13141.0,574.0,127,10,13.57,37.82,0,0,0
46,52317.0,18384.0,765.0,215,11,13.04,35.14,1,1,0
64,54880.0,11174.0,613.0,104,11,18.38,20.36,0,1,0
54,31255.0,11390.0,645.0,67,1,12.57,36.44,0,1,0
30,69480.0,17086.0,623.0,14,4,18.5,24.59,0,0,0
56,52170.0,20326.0,689.0,216,5,11.74,38.96,1,1,0
34,74448.0,13603.0,607.0,235,11,16.71,18.27,1,1,0
51,21792.0,6858.0,655.0,182,1,13.91,31.47,1,0,1
35,36691.0,9849.0,551.0,34,4,19.92,26.84,1,0,1
28,64300.0,16426.0,743.0,182,6,7.09,25.55,0,0,0
34,40616.0,16341.0,704.0,13,9,8.34,40.23,1,0,0
43,52038.0,16689.0,627.0,176,9,20.33,32.07,0,0,0
60,55013.0,18649.0,612.0,210,7,10.07,33.9,0,0,0
41,57849.0,15041.0,702.0,101,11,10.32,26.0,1,1,0
36,42804.0,16855.0,593.0,99,6,9.5,39.38,0,1,0
38,57687.0,14685.0,660.0,6,7,17.59,25.46,1,1,0
44,40914.0,23041.0,743.0,29,11,7.99,56.32,1,1,0
46,67137.0,25026.0,585.0,210,8,13.09,37.28,0,0,0
45,52933.0,6677.0,679.0,48,4,11.94,12.61,0,1,0
61,57791.0,13213.0,675.0,216,4,17.15,22.86,0,1,0
49,101259.0,15229.0,642.0,143,10,10.75,15.04,1,0,0
35,35072.0,13132.0,610.0,110,9,14.66,37.44,1,1,0
21,79994.0,27550.0,747.0,231,3,8.32,34.44,0,1,0
45,15000.0,16568.0,602.0,178,8,22.1,100.0,0,1,1
27,17589.0,9362.0,505.0,71,4,12.04,53.23,1,1,1
29,32668.0,19175.0,701.0,209,1,13.04,58.7,1,0,0
44,33804.0,16897.0,554.0,219,9,19.62,49.99,0,0,1
21,58667.0,17129.0,705.0,79,7,10.65,29.2,0,0,0
64,60217.0,27655.0,757.0,82,6,19.67,45.93,1,1,0
28,50413.0,17455.0,700.0,41,7,11.35,34.62,0,1,0
44,52302.0,12874.0,736.0,16,11,15.69,24.61,0,1,0
31,64500.0,1313.0,812.0,190,2,10.71,2.04,1,0,0
37,69998.0,13842.0,727.0,172,3,7.58,19.77,1,0,0
28,31122.0,24142.0,676.0,204,4,14.66,77.57,0,1,0
55,48486.0,14362.0,781.0,6,5,15.56,29.62,0,1,0
55,53747.0,1000.0,790.0,154,0,7.74,1.86,0,0,0
53,63736.0,11511.0,792.0,9,3,11.77,18.06,0,0,0
25,41092.0,21949.0,611.0,33,10,17.8,53.41,1,1,0
62,53394.0,18821.0,542.0,35,11,15.4,35.25,0,1,1
59,55540.0,9121.0,606.0,152,9,11.42,16.42,1,0,0
61,42320.0,11043.0,706.0,5,4,10.61,26.09,1,0,0
48,41890.0,12125.0,663.0,151,6,20.79,28.94,0,1,0
27,56777.0,10361.0,633.0,145,4,7.21,18.25,0,1,0
29,52654.0,1000.0,695.0,214,0,12.76,1.9,0,0,0
28,64009.0,20345.0,532.0,133,10,7.14,31.78,1,0,1
32,36041.0,23799.0,661.0,28,6,18.26,66.03,1,1,1
54,48688.0,4371.0,739.0,125,7,12.97,8.98,0,0,0
53,50874.0,23707.0,694.0,152,6,13.71,46.6,1,0,0
43,69650.0,14279.0,705.0,182,10,24.08,20.5,1,1,0
44,38073.0,23576.0,778.0,80,3,10.63,61.92,1,0,0
57,59224.0,15266.0,645.0,173,7,19.99,25.78,0,1,0
55,59550.0,15949.0,598.0,151,4,11.44,26.78,0,0,0
64,84635.0,17607.0,745.0,74,9,12.07,20.8,1,1,0
60,36872.0,9470.0,744.0,25,8,23.55,25.68,0,0,0
42,43170.0,23363.0,695.0,126,11,12.36,54.12,0,0,0
47,38128.0,7150.0,637.0,114,11,7.5,18.75,0,0,0
55,24944.0,12186.0,650.0,125,9,14.13,48.85,0,1,1
21,86764.0,18670.0,548.0,225,4,12.31,21.52,0,1,1
55,32653.0,11436.0,739.0,27,0,14.47,35.02,1,0,0
57,40307.0,20443.0,736.0,130,11,12.47,50.72,0,1,0
34,78684.0,24631.0,545.0,74,8,21.86,31.3,0,1,1
23,23444.0,22088.0,719.0,165,11,15.23,94.22,1,1,1
21,68614.0,1447.0,682.0,188,4,8.7,2.11,0,0,0
25,29566.0,15881.0,568.0,77,5,13.5,53.71,0,1,1
46,77441.0,22201.0,554.0,178,3,9.8,28.67,1,0,1
34,15942.0,5783.0,680.0,89,5,12.01,36.28,1,0,0
59,23438.0,20065.0,618.0,175,11,9.36,85.61,1,1,1
47,45191.0,19672.0,796.0,20,7,21.43,43.53,1,1,0
29,72493.0,6515.0,726.0,53,2,10.23,8.99,0,0,0
35,54443.0,20840.0,688.0,183,4,15.75,38.28,1,0,0
35,48957.0,16909.0,692.0,102,1,11.71,34.54,0,1,0
46,79229.0,19553.0,756.0,221,1,8.37,24.68,1,1,0
62,93794.0,8236.0,718.0,58,6,13.79,8.78,0,0,0
33,67101.0,16051.0,690.0,71,9,14.6,23.92,1,1,0
52,43789.0,3066.0,572.0,178,9,15.23,7.0,1,0,1
59,47473.0,1000.0,850.0,19,10,3.0,2.11,1,0,0
52,31808.0,15986.0,562.0,111,9,8.06,50.26,0,1,1
24,56815.0,22704.0,625.0,223,5,16.83,39.96,0,0,0
50,25667.0,16771.0,518.0,213,3,9.31,65.34,1,0,1
57,64934.0,14556.0,693.0,58,4,13.81,22.42,1,1,0
43,91100.0,13687.0,662.0,70,0,7.97,15.02,0,1,0
59,67917.0,8402.0,711.0,136,6,15.93,12.37,1,0,0
35,46555.0,13447.0,511.0,108,7,16.73,28.88,1,1,1
63,64485.0,17952.0,739.0,128,8,15.93,27.84,0,1,0
49,84170.0,11953.0,585.0,156,7,17.13,14.2,1,0,0
56,83269.0,20254.0,638.0,190,4,19.26,24.32,0,1,0
33,36932.0,16372.0,725.0,199,2,8.3,44.33,0,0,0
52,64185.0,17219.0,671.0,55,9,9.85,26.83,0,0,0
27,52154.0,21221.0,677.0,195,10,16.59,40.69,1,1,0
42,69519.0,11313.0,714.0,34,8,17.52,16.27,1,1,0
48,61905.0,19616.0,684.0,122,5,10.3,31.69,0,0,1
22,15000.0,12295.0,623.0,130,4,10.02,81.97,1,0,1
62,48736.0,17377.0,637.0,236,2,10.39,35.66,1,0,0
26,58574.0,10480.0,667.0,103,5,6.58,17.89,1,0,0
48,29181.0,8625.0,578.0,6,2,7.91,29.56,0,0,1
48,65458.0,15643.0,730.0,26,9,8.01,23.9,1,0,0
64,27568.0,1804.0,673.0,0,11,11.82,6.54,0,1,1
64,40628.0,12926.0,656.0,218,5,14.08,31.82,0,0,0
40,79144.0,3755.0,745.0,207,3,14.73,4.74,0,0,0
50,39092.0,20455.0,640.0,229,1,10.97,52.33,0,1,1
31,65331.0,22351.0,635.0,198,7,11.06,34.21,1,1,1
48,23436.0,8952.0,611.0,171,3,13.49,38.2,0,0,1
45,92464.0,17998.0,677.0,86,8,7.02,19.46,1,0,0
59,49518.0,21294.0,675.0,40,6,16.84,43.0,0,1,0
53,56716.0,21317.0,597.0,122,11,18.14,37.59,0,0,1
21,58223.0,16501.0,636.0,74,1,10.5,28.34,1,0,0
47,65936.0,20140.0,597.0,41,3,11.41,30.54,1,1,1
33,27655.0,10455.0,594.0,116,4,17.97,37.81,0,0,1
61,54904.0,15582.0,512.0,160,2,12.51,28.38,0,0,1
23,43142.0,11730.0,632.0,177,8,15.35,27.19,0,0,1
59,24588.0,9863.0,514.0,62,4,12.63,40.11,0,0,1
26,72768.0,15252.0,613.0,227,1,19.23,20.96,1,0,0
28,48661.0,17433.0,601.0,164,10,14.96,35.83,1,1,0
47,59365.0,23145.0,734.0,232,2,15.19,38.99,0,0,0
29,58237.0,16856.0,569.0,186,8,15.27,28.94,1,0,1
57,48973.0,19494.0,589.0,126,6,10.78,39.81,1,0,1
53,90550.0,19573.0,619.0,208,1,11.15,21.62,0,1,0
62,54149.0,33813.0,604.0,226,8,16.08,62.44,0,1,1
64,26957.0,2330.0,760.0,175,3,13.51,8.64,1,0,0
44,47793.0,10184.0,559.0,132,8,8.29,21.31,1,1,0
35,63995.0,25318.0,620.0,47,1,20.49,39.56,0,0,1
52,64587.0,12536.0,677.0,223,11,16.91,19.41,0,0,0
52,35420.0,21201.0,720.0,2,9,13.15,59.86,0,0,0
44,71731.0,16610.0,620.0,115,11,11.91,23.16,1,0,0
61,23268.0,29736.0,497.0,174,3,13.79,100.0,0,0,1
32,75594.0,7209.0,638.0,189,4,15.07,9.54,0,1,0
59,31252.0,23553.0,758.0,98,1,4.87,75.36,1,0,0
22,50928.0,27247.0,673.0,115,9,21.45,53.5,1,1,1
23,74162.0,7899.0,669.0,13,0,9.84,10.65,1,0,0
57,57153.0,20480.0,565.0,190,6,12.99,35.83,0,0,0
37,69701.0,8242.0,557.0,111,9,13.14,11.82,0,0,0
22,66136.0,15211.0,651.0,60,0,20.99,23.0,0,1,0
22,78153.0,13204.0,536.0,158,10,12.65,16.9,0,0,0
48,74120.0,1000.0,713.0,94,10,19.35,1.35,1,1,0
43,46833.0,17970.0,582.0,16,7,14.63,38.37,0,0,0
57,66393.0,16003.0,648.0,123,2,9.15,24.1,0,0,0
52,27522.0,25354.0,499.0,23,9,13.54,92.12,0,0,1
53,53958.0,19278.0,618.0,115,5,12.53,35.73,0,0,0
21,69733.0,31036.0,555.0,150,6,8.66,44.51,1,0,1
39,57409.0,15749.0,464.0,81,9,14.43,27.43,0,0,1
22,63040.0,14261.0,693.0,49,0,13.09,22.62,0,1,0
64,51161.0,13710.0,781.0,205,5,15.23,26.8,0,0,0
46,75323.0,11923.0,740.0,78,6,13.77,15.83,0,1,0
52,53553.0,1000.0,705.0,78,5,10.4,1.87,0,0,0
26,46622.0,13459.0,617.0,69,3,16.07,28.87,1,1,1
52,70957.0,1000.0,714.0,26,0,10.5,1.41,1,1,0
24,29707.0,18164.0,748.0,14,10,3.0,61.14,1,0,0
31,64019.0,6320.0,661.0,49,8,13.51,9.87,1,0,0
37,36235.0,8740.0,555.0,35,3,10.78,24.12,1,1,1
58,78003.0,10314.0,610.0,7,6,14.53,13.22,1,1,1
44,50302.0,13565.0,786.0,78,6,21.0,26.97,0,0,0
25,57430.0,15048.0,644.0,130,1,21.11,26.2,0,0,0
54,62426.0,22591.0,384.0,189,0,12.34,36.19,0,1,1
26,20266.0,10957.0,532.0,46,7,9.69,54.07,1,0,1
42,43289.0,18361.0,616.0,204,7,15.34,42.41,1,1,1
31,73784.0,34116.0,733.0,104,6,11.52,46.24,1,0,0
36,70620.0,17641.0,628.0,97,7,14.57,24.98,0,0,0
53,60095.0,13737.0,734.0,215,2,10.36,22.86,1,1,0
29,30710.0,9546.0,608.0,231,10,14.0,31.08,0,1,0
26,65539.0,13640.0,493.0,95,1,9.75,20.81,0,0,1
36,67841.0,8796.0,611.0,188,6,17.74,12.97,0,0,0
49,55846.0,16881.0,678.0,159,7,10.64,30.23,0,1,0
23,77017.0,15725.0,671.0,221,0,15.64,20.42,0,1,0
40,42698.0,1000.0,550.0,115,11,7.94,2.34,0,0,0
56,45823.0,14870.0,622.0,12,9,16.12,32.45,0,1,1
39,15000.0,22533.0,850.0,0,8,9.13,100.0,1,1,0
46,71557.0,12206.0,551.0,33,10,14.04,17.06,1,1,1
23,60650.0,10430.0,703.0,189,3,17.09,17.2,1,1,0
39,24727.0,5356.0,482.0,78,11,12.2,21.66,0,0,1
40,23345.0,1994.0,719.0,235,3,8.88,8.54,1,1,0
52,39293.0,20819.0,579.0,77,2,14.99,52.98,1,1,1
27,69286.0,13730.0,682.0,120,5,9.64,19.82,0,0,0
61,49594.0,20404.0,547.0,92,0,11.38,41.14,0,0,1
53,40514.0,25719.0,673.0,97,5,14.06,63.48,0,0,1
60,36890.0,21449.0,577.0,81,1,18.44,58.14,0,1,1
59,36084.0,11203.0,593.0,198,8,13.11,31.05,1,0,1
38,20194.0,16014.0,685.0,220,1,13.09,79.3,1,1,0
60,33267.0,10697.0,616.0,158,6,15.95,32.15,0,1,0
21,35730.0,10042.0,680.0,191,11,13.2,28.11,1,1,0
31,67287.0,17400.0,635.0,152,0,15.54,25.86,1,1,1
48,52017.0,9174.0,655.0,37,11,17.31,17.64,1,1,0
45,40139.0,1000.0,686.0,13,6,11.69,2.49,0,0,0
43,96575.0,8783.0,622.0,135,4,3.0,9.09,1,1,0
51,43050.0,12852.0,570.0,90,7,9.73,29.85,0,0,1
50,76008.0,25650.0,607.0,53,3,17.83,33.75,1,1,1
62,84180.0,11563.0,746.0,129,11,12.86,13.74,0,0,0
55,26741.0,18583.0,659.0,208,9,11.64,69.49,0,1,0
27,56331.0,13822.0,582.0,100,6,17.67,24.54,1,1,1
36,45684.0,23585.0,682.0,205,5,12.59,51.63,0,1,0
46,44219.0,23100.0,687.0,88,4,4.63,52.24,0,0,0
22,64997.0,23233.0,692.0,55,3,6.98,35.74,0,0,0
21,43788.0,2862.0,572.0,93,6,14.67,6.54,1,1,1
32,46073.0,16447.0,595.0,92,11,12.73,35.7,0,0,1
25,51974.0,20313.0,596.0,83,4,18.82,39.08,1,1,0
57,48279.0,17671.0,621.0,84,4,10.07,36.6,0,0,1
52,33876.0,19456.0,693.0,188,0,11.76,57.43,0,1,0
29,69326.0,15408.0,674.0,21,1,9.46,22.23,0,0,0
61,73874.0,9787.0,680.0,34,4,10.92,13.25,0,1,0
55,61185.0,3120.0,758.0,228,2,5.43,5.1,0,1,0
39,48222.0,10481.0,705.0,15,1,11.46,21.73,0,0,0
36,42306.0,33747.0,639.0,49,3,12.79,79.77,1,0,1
23,42335.0,11600.0,555.0,121,3,12.45,27.4,1,0,0
40,97433.0,1284.0,593.0,127,3,21.6,1.32,0,1,0
44,71881.0,20129.0,629.0,112,3,20.33,28.0,0,1,0
53,39878.0,20988.0,716.0,170,2,10.0,52.63,1,1,0
44,57965.0,24011.0,648.0,16,11,4.82,41.42,0,1,0
31,48474.0,18297.0,598.0,79,6,12.6,37.75,0,0,0
28,65508.0,20919.0,591.0,185,8,14.51,31.93,1,0,1
56,64783.0,27882.0,644.0,129,11,9.56,43.04,1,0,1
58,74505.0,9782.0,721.0,131,4,9.76,13.13,1,0,0
60,39690.0,8393.0,777.0,84,3,19.33,21.15,0,1,0
40,56885.0,7338.0,634.0,166,10,11.97,12.9,0,1,0
55,23526.0,13140.0,646.0,225,1,15.65,55.85,1,0,1
45,32368.0,25034.0,553.0,93,1,9.28,77.34,0,1,1
55,70914.0,18696.0,805.0,133,4,12.77,26.36,0,1,0
45,37888.0,18421.0,538.0,80,6,11.65,48.62,0,0,1
49,39864.0,2265.0,744.0,230,9,10.3,5.68,0,0,0
38,54851.0,10148.0,621.0,216,9,17.62,18.5,1,0,0
38,67506.0,2150.0,602.0,68,8,7.44,3.18,1,1,0
22,35905.0,23199.0,561.0,68,6,14.2,64.61,1,1,1
55,15000.0,26100.0,843.0,147,4,11.58,100.0,0,1,0
36,39336.0,20457.0,668.0,191,9,14.66,52.01,0,0,1
61,76701.0,8092.0,652.0,15,9,11.63,10.55,0,0,0
56,61176.0,25374.0,721.0,50,9,16.47,41.48,0,1,1
53,78830.0,13227.0,598.0,104,5,9.24,16.78,1,1,1
24,34627.0,6499.0,650.0,164,10,17.63,18.77,0,1,0
53,25491.0,8249.0,655.0,231,11,12.88,32.36,0,1,0
34,63326.0,11989.0,609.0,200,2,7.69,18.93,0,0,0
41,59320.0,15347.0,746.0,196,4,15.72,25.87,1,1,1
40,60500.0,13871.0,633.0,169,7,12.2,22.93,0,1,0
28,71794.0,5111.0,526.0,184,0,6.17,7.12,0,0,0
27,62590.0,23493.0,626.0,65,11,14.33,37.53,0,1,1
23,62301.0,13946.0,670.0,8,0,17.03,22.38,1,0,0
37,67870.0,10004.0,579.0,106,6,18.13,14.74,0,0,0
53,64043.0,22772.0,585.0,99,4,11.49,35.56,1,0,0
32,70434.0,6716.0,606.0,85,4,13.58,9.54,1,0,0
42,73153.0,3598.0,748.0,63,0,13.2,4.92,0,0,0
42,82570.0,23907.0,611.0,213,8,18.96,28.95,1,0,0
50,43315.0,28240.0,764.0,21,0,9.76,65.2,0,1,0
58,63650.0,11765.0,601.0,161,4,11.14,18.48,1,0,0
58,48334.0,14678.0,676.0,182,9,9.66,30.37,0,0,0
28,39996.0,6973.0,614.0,156,8,7.2,17.43,0,0,0
47,42588.0,15038.0,710.0,165,3,13.99,35.31,0,1,0
47,63909.0,11670.0,561.0,109,7,19.41,18.26,0,0,0
54,62529.0,14285.0,709.0,96,5,12.21,22.85,1,0,0
41,62207.0,17865.0,659.0,17,10,9.47,28.72,0,1,0
50,50937.0,7313.0,599.0,70,2,13.75,14.36,1,1,0
53,55061.0,12467.0,637.0,192,3,15.36,22.64,0,1,0
48,69720.0,2374.0,773.0,126,1,12.37,3.41,1,0,0
53,28191.0,12515.0,661.0,96,0,18.61,44.39,0,0,0
25,55444.0,14346.0,594.0,0,7,9.75,25.87,0,1,0
39,56619.0,16603.0,554.0,215,0,11.85,29.32,0,0,0
24,68559.0,16677.0,690.0,131,10,14.18,24.33,1,0,0
55,30696.0,21327.0,666.0,3,0,14.57,69.48,0,0,1
37,81912.0,4222.0,706.0,124,3,13.19,5.15,0,1,0
64,58845.0,4596.0,533.0,81,9,7.89,7.81,0,0,0
48,59798.0,18703.0,556.0,26,11,22.35,31.28,1,1,1
50,47775.0,1000.0,742.0,170,9,12.06,2.09,0,1,0
49,64684.0,16283.0,677.0,58,5,13.44,25.17,1,0,0
26,55863.0,6738.0,693.0,31,8,15.47,12.06,0,1,0
55,76762.0,26010.0,573.0,160,0,10.45,33.88,1,1,1
61,29053.0,16753.0,572.0,27,6,13.23,57.66,1,1,1
57,58160.0,13466.0,729.0,105,9,10.29,23.15,0,0,0
44,62353.0,23594.0,733.0,104,10,14.66,37.84,0,1,0
49,51645.0,7556.0,563.0,182,4,11.9,14.63,0,0,1
51,47716.0,8886.0,548.0,227,11,14.07,18.62,0,1,0
55,48467.0,6170.0,641.0,187,7,8.81,12.73,0,0,0
53,58144.0,8945.0,586.0,69,6,9.68,15.38,1,0,0
41,22421.0,15428.0,584.0,61,3,7.54,68.81,0,1,1
52,72370.0,18458.0,550.0,207,3,10.16,25.51,1,1,1
43,46358.0,21730.0,613.0,33,5,3.0,46.87,0,1,0
53,57300.0,2227.0,558.0,86,5,11.77,3.89,1,0,0
23,61608.0,13797.0,562.0,113,8,10.86,22.39,0,0,0
38,45536.0,7243.0,674.0,105,11,13.6,15.91,0,1,0
45,52641.0,13563.0,646.0,215,4,13.18,25.77,0,1,0
62,18366.0,31339.0,689.0,55,7,18.03,100.0,0,1,1
51,68178.0,17043.0,518.0,112,4,23.38,25.0,0,0,1
23,74441.0,21296.0,651.0,12,1,17.55,28.61,1,0,0
60,24382.0,28725.0,816.0,183,5,11.19,100.0,1,1,0
44,47683.0,22892.0,620.0,17,8,11.03,48.01,0,1,1
52,32862.0,11865.0,716.0,181,2,16.47,36.11,0,0,0
42,51801.0,6069.0,715.0,204,0,6.27,11.72,0,1,0
43,66675.0,14789.0,719.0,112,0,11.74,22.18,0,1,0
22,72772.0,11026.0,663.0,228,2,12.05,15.15,0,0,0
47,75193.0,4328.0,695.0,170,9,15.34,5.76,1,0,0
62,78590.0,16686.0,706.0,38,4,15.46,21.23,1,0,0
22,50997.0,16861.0,701.0,188,2,10.02,33.06,1,1,0
46,34355.0,27384.0,561.0,169,8,11.34,79.71,0,0,1
37,52937.0,12468.0,513.0,208,7,14.78,23.55,1,0,0
60,66399.0,16961.0,526.0,78,2,9.8,25.54,1,1,1
53,32909.0,10342.0,628.0,145,8,17.82,31.43,0,0,1
29,84882.0,21112.0,698.0,150,5,15.44,24.87,0,0,0
63,71162.0,14128.0,562.0,181,6,13.69,19.85,1,0,0
59,51282.0,6792.0,724.0,29,3,14.56,13.24,0,1,0
49,42204.0,14906.0,610.0,97,3,11.13,35.32,0,1,1
62,42956.0,17734.0,611.0,57,11,10.49,41.28,0,0,1
46,56336.0,16787.0,583.0,195,1,11.3,29.8,1,1,0
55,50871.0,22321.0,499.0,66,4,15.0,43.88,0,1,1
45,72109.0,4864.0,668.0,70,7,13.8,6.75,1,0,0
44,48826.0,9101.0,787.0,145,6,11.31,18.64,1,0,0
33,64099.0,19479.0,645.0,105,6,16.0,30.39,1,0,0
27,54479.0,9923.0,502.0,6,5,12.3,18.21,0,0,1
56,59854.0,16683.0,712.0,39,2,10.23,27.87,1,1,0
40,50859.0,1000.0,520.0,69,4,14.02,1.97,0,1,1
21,67739.0,34012.0,553.0,213,0,8.95,50.21,0,0,1
28,68006.0,13112.0,631.0,192,6,6.25,19.28,0,0,0
36,63279.0,23358.0,660.0,67,8,12.98,36.91,0,0,0
34,65935.0,12642.0,569.0,237,0,10.37,19.17,1,1,0
32,38001.0,17903.0,628.0,48,1,11.98,47.11,0,0,1
43,60818.0,25443.0,707.0,51,2,9.13,41.83,0,1,0
35,77486.0,23161.0,718.0,113,2,17.84,29.89,0,0,0
48,63845.0,13569.0,750.0,106,7,10.35,21.25,1,1,0
54,36447.0,14053.0,803.0,28,6,11.27,38.56,1,1,0
22,54104.0,22025.0,715.0,148,5,14.51,40.71,1,0,0
52,61750.0,31333.0,633.0,217,9,7.49,50.74,0,0,0
43,41367.0,16346.0,719.0,77,9,7.2,39.51,0,1,0
42,30551.0,28699.0,687.0,8,10,14.52,93.94,1,0,1
45,49310.0,13310.0,691.0,174,3,11.22,26.99,0,1,0
42,41665.0,21664.0,664.0,75,8,9.39,52.0,0,0,0
42,54743.0,22708.0,577.0,41,0,15.41,41.48,1,1,1
62,26355.0,12130.0,568.0,178,10,9.75,46.03,0,0,1
26,65165.0,9770.0,642.0,183,1,11.9,14.99,1,1,0
35,43577.0,23018.0,662.0,178,3,9.42,52.82,0,1,0
63,72924.0,11279.0,596.0,197,2,14.21,15.47,0,1,0
57,50016.0,8740.0,684.0,127,0,18.33,17.47,0,1,0
53,54543.0,10212.0,816.0,19,4,5.56,18.72,0,1,0
28,51885.0,11251.0,510.0,215,6,13.45,21.68,1,0,1
64,42613.0,20996.0,697.0,154,1,16.43,49.27,1,1,0
64,99501.0,18605.0,645.0,165,4,11.31,18.7,0,1,0
25,46074.0,20010.0,686.0,71,5,8.48,43.43,0,0,0
59,73423.0,17950.0,616.0,64,10,14.68,24.45,1,1,1
24,35315.0,10843.0,638.0,181,6,17.01,30.7,1,1,0
26,61698.0,19880.0,660.0,112,0,16.56,32.22,0,1,0
52,63620.0,23277.0,626.0,23,6,14.46,36.59,0,0,1
50,54565.0,19092.0,528.0,127,3,13.39,34.99,0,0,1
55,44722.0,18148.0,631.0,174,7,9.4,40.58,1,0,1
60,50260.0,9631.0,537.0,198,3,16.46,19.16,1,0,0
36,47741.0,16483.0,702.0,82,5,16.24,34.53,0,1,0
33,98236.0,9258.0,501.0,213,8,8.45,9.42,1,0,1
62,54593.0,14832.0,732.0,62,4,14.46,27.17,0,0,0
50,64448.0,3518.0,684.0,184,11,15.61,5.46,0,1,0
39,87069.0,3572.0,685.0,182,3,16.53,4.1,0,0,0
37,39226.0,13663.0,477.0,59,7,12.7,34.83,1,0,1
39,55678.0,11161.0,624.0,98,8,9.57,20.05,0,0,1
48,50155.0,15748.0,742.0,61,3,10.99,31.4,0,0,0
46,53450.0,14057.0,609.0,29,2,8.97,26.3,0,1,0
57,51778.0,15211.0,564.0,220,7,12.8,29.38,0,1,0
46,41826.0,19260.0,599.0,21,4,12.01,46.05,0,1,1
43,58517.0,11757.0,645.0,202,1,21.58,20.09,1,0,0
29,35873.0,13464.0,582.0,211,9,16.58,37.53,0,1,0
32,72800.0,25185.0,749.0,125,8,16.88,34.59,1,0,0
21,66220.0,15022.0,645.0,156,2,14.89,22.68,0,0,0
21,46118.0,13746.0,606.0,168,11,11.53,29.81,0,0,0
54,46990.0,15578.0,546.0,41,1,11.9,33.15,0,0,1
52,59959.0,13870.0,689.0,97,0,12.26,23.13,0,0,0
45,40626.0,10033.0,687.0,192,7,13.75,24.7,0,0,0
60,87616.0,8014.0,587.0,30,10,14.56,9.15,0,1,0
21,61443.0,9656.0,471.0,157,2,13.0,15.72,1,0,1
36,62079.0,21110.0,683.0,111,6,11.84,34.01,1,0,0
59,67266.0,10591.0,635.0,145,0,10.62,15.74,0,0,1
25,44570.0,13916.0,677.0,121,0,7.43,31.22,0,1,0
42,74602.0,19905.0,807.0,16,11,18.13,26.68,0,0,0
49,57062.0,13051.0,648.0,37,8,21.82,22.87,0,1,0
23,72103.0,19434.0,609.0,141,11,17.8,26.95,0,1,0
32,51437.0,4214.0,558.0,214,7,7.96,8.19,1,0,0
46,78711.0,14072.0,625.0,216,11,16.15,17.88,0,0,0
36,62224.0,15552.0,663.0,206,2,17.1,24.99,0,0,0
57,94285.0,15162.0,654.0,109,5,11.39,16.08,0,1,0
42,48349.0,3430.0,788.0,183,10,14.96,7.09,0,0,0
49,58682.0,23422.0,690.0,21,2,11.17,39.91,1,0,0
34,36432.0,9017.0,639.0,194,11,19.12,24.75,0,0,1
48,45473.0,17345.0,593.0,55,3,14.46,38.14,0,1,1
25,66136.0,15056.0,671.0,118,0,9.33,22.77,1,0,0
50,75328.0,22026.0,577.0,146,4,15.68,29.24,0,0,0
25,108370.0,30312.0,664.0,56,0,17.24,27.97,1,1,0
32,53261.0,5967.0,689.0,171,0,13.79,11.2,1,1,0
36,38202.0,10458.0,633.0,225,9,14.92,27.38,0,1,0
46,68560.0,16324.0,600.0,34,10,12.72,23.81,1,0,0
46,34699.0,7263.0,475.0,113,10,8.46,20.93,0,1,1
41,65157.0,20475.0,742.0,124,6,12.39,31.42,0,1,0
59,45959.0,20904.0,682.0,128,11,15.09,45.48,0,0,0
56,58809.0,18916.0,684.0,51,5,12.49,32.17,0,1,0
53,74639.0,16656.0,525.0,84,1,16.2,22.32,1,0,1
50,53007.0,24588.0,760.0,220,10,11.43,46.39,1,1,0
57,71792.0,6911.0,613.0,197,11,11.69,9.63,1,0,0
43,70717.0,15457.0,627.0,164,1,16.32,21.86,1,1,0
30,21442.0,9828.0,564.0,64,10,13.89,45.84,0,0,1
25,38771.0,21229.0,507.0,178,6,11.35,54.75,0,1,1
56,26887.0,2167.0,743.0,128,0,17.14,8.06,0,0,0
54,91031.0,14803.0,753.0,218,1,10.25,16.26,0,1,0
51,53103.0,17347.0,637.0,20,11,10.09,32.67,0,1,0
30,87055.0,8368.0,596.0,180,7,3.0,9.61,1,0,0
39,25607.0,10617.0,620.0,15,5,10.78,41.46,0,1,1
52,44690.0,15108.0,622.0,235,1,18.23,33.81,0,1,1
21,69409.0,21686.0,554.0,122,6,4.71,31.24,0,0,0
25,58227.0,7770.0,627.0,60,3,9.19,13.34,1,0,0
24,64591.0,8991.0,662.0,53,1,14.76,13.92,1,1,0
36,32431.0,22879.0,731.0,167,11,4.02,70.55,1,0,0
44,79782.0,13089.0,651.0,25,5,10.96,16.41,0,0,0
36,68986.0,9557.0,524.0,79,10,17.56,13.85,1,0,1
22,62229.0,20101.0,678.0,219,8,21.17,32.3,0,0,0
48,42659.0,11583.0,630.0,64,10,14.16,27.15,1,0,0
52,60828.0,22192.0,760.0,99,8,9.29,36.48,0,0,0
47,49753.0,10354.0,764.0,73,7,9.16,20.81,0,1,0
40,25291.0,13883.0,767.0,191,2,13.58,54.89,0,1,0
44,54092.0,21615.0,605.0,170,2,14.12,39.96,1,0,0
32,52179.0,13416.0,809.0,16,1,20.43,25.71,0,1,0
55,74123.0,20292.0,678.0,120,4,16.88,27.38,1,1,0
53,15000.0,14541.0,780.0,186,11,13.34,96.94,0,1,0
53,59234.0,28872.0,610.0,22,3,11.66,48.74,0,0,1
63,34200.0,25981.0,626.0,134,6,25.06,75.97,0,0,1
57,60746.0,5703.0,672.0,171,3,15.51,9.39,0,1,0
32,61737.0,18656.0,662.0,180,8,10.32,30.22,0,1,0
23,53437.0,9285.0,750.0,70,11,12.1,17.38,0,1,0
21,69531.0,16341.0,631.0,107,11,9.49,23.5,1,1,0
53,32576.0,15479.0,743.0,78,1,3.38,47.52,0,0,0
60,74939.0,7612.0,709.0,161,10,14.25,10.16,1,1,0
30,42255.0,22409.0,633.0,45,5,20.13,53.03,1,0,1
63,26994.0,16423.0,702.0,236,6,6.48,60.84,1,0,0
64,50097.0,13007.0,612.0,195,3,13.22,25.96,0,1,0
49,17287.0,11933.0,838.0,205,5,10.17,69.03,0,0,0
33,59575.0,15978.0,437.0,77,6,15.09,26.82,0,0,1
32,50333.0,17855.0,704.0,15,3,12.31,35.47,1,1,0
51,77206.0,14125.0,509.0,70,7,7.56,18.3,1,0,1
22,66681.0,1000.0,632.0,95,8,9.08,1.5,0,1,0
55,29944.0,15118.0,643.0,146,0,9.68,50.49,0,1,1
43,39909.0,4910.0,771.0,1,6,18.38,12.3,1,1,0
37,64372.0,13534.0,595.0,9,8,18.17,21.02,0,0,1
46,70247.0,5168.0,755.0,177,11,11.75,7.36,1,0,0
28,77005.0,5085.0,556.0,124,9,17.91,6.6,0,0,1
49,76861.0,23646.0,758.0,80,4,12.31,30.76,1,0,0
46,53389.0,12759.0,612.0,228,11,11.69,23.9,0,0,0
30,61528.0,12223.0,656.0,139,1,13.23,19.87,0,1,0
46,78377.0,18378.0,623.0,69,9,14.14,23.45,1,0,0
54,49540.0,12406.0,753.0,149,5,10.78,25.04,1,1,0
61,61835.0,29727.0,737.0,31,11,13.09,48.07,0,0,0
27,49116.0,13089.0,685.0,104,11,16.15,26.65,0,1,0
24,45083.0,17556.0,558.0,83,6,13.52,38.94,1,1,1
31,55871.0,21797.0,593.0,128,1,13.17,39.01,1,0,0
49,42624.0,26216.0,568.0,181,1,14.98,61.51,1,0,1
56,52644.0,9806.0,470.0,238,9,15.67,18.63,1,1,1
45,36371.0,12074.0,751.0,57,11,12.75,33.2,0,1,0
41,51580.0,23922.0,624.0,197,9,11.1,46.38,0,1,0
56,63071.0,20670.0,623.0,210,0,13.76,32.77,1,0,0
30,44402.0,22526.0,770.0,145,3,6.62,50.73,1,0,0
57,55167.0,5419.0,612.0,133,6,12.16,9.82,0,1,0
29,57508.0,25836.0,583.0,44,8,3.11,44.93,0,1,1
44,63146.0,9670.0,632.0,96,2,6.3,15.31,1,0,0
55,52596.0,16346.0,559.0,22,11,5.7,31.08,0,1,1
55,74546.0,13962.0,678.0,22,10,17.19,18.73,0,0,0
56,17183.0,8851.0,620.0,153,6,13.06,51.51,0,0,0
38,107880.0,5112.0,609.0,204,6,7.95,4.74,1,0,1
59,39320.0,2793.0,602.0,134,6,14.96,7.1,1,0,0
52,62261.0,15833.0,642.0,78,1,16.95,25.43,0,1,0
44,38108.0,4323.0,657.0,43,5,15.03,11.34,1,0,0
43,66597.0,7063.0,608.0,26,1,12.25,10.61,1,0,0
52,59978.0,13474.0,621.0,25,5,13.93,22.46,0,1,0
57,43287.0,1000.0,643.0,96,9,16.61,2.31,1,1,0
32,74316.0,20453.0,635.0,206,2,11.12,27.52,0,1,0
33,52049.0,1000.0,652.0,35,1,13.12,1.92,0,1,0
43,64850.0,14458.0,596.0,108,11,11.97,22.29,0,0,1
45,38491.0,15105.0,730.0,54,5,6.55,39.24,0,1,0
55,54444.0,18766.0,658.0,191,1,16.67,34.47,0,1,0
61,91061.0,14708.0,610.0,218,4,21.23,16.15,1,1,1
50,72333.0,29125.0,678.0,184,1,9.5,40.27,1,0,0
37,60537.0,16514.0,644.0,68,2,16.85,27.28,1,0,0
40,46919.0,22375.0,511.0,60,2,9.63,47.69,0,1,1
45,56215.0,9936.0,677.0,129,5,13.53,17.67,0,0,0
42,58556.0,15845.0,568.0,54,5,19.03,27.06,0,1,1
33,63086.0,25833.0,725.0,121,9,10.92,40.95,0,1,0
39,35620.0,13336.0,631.0,96,2,12.94,37.44,0,1,0
56,67031.0,16346.0,712.0,79,2,5.79,24.39,1,1,0
32,35387.0,21866.0,600.0,86,11,10.34,61.79,1,1,1
61,84360.0,9804.0,656.0,37,0,5.37,11.62,0,0,0
39,41111.0,1000.0,747.0,118,6,14.72,2.43,0,1,0
32,60339.0,16789.0,628.0,207,7,16.33,27.82,1,1,0
29,73093.0,21921.0,603.0,77,1,12.11,29.99,0,0,0
27,50457.0,5540.0,702.0,156,3,14.14,10.98,1,0,0
48,61131.0,19692.0,701.0,153,9,11.7,32.21,1,0,0
34,80833.0,19739.0,606.0,34,6,15.96,24.42,1,1,0
51,65159.0,1000.0,491.0,78,7,13.52,1.53,0,0,1
39,61400.0,8446.0,601.0,66,0,5.06,13.76,1,1,0
36,24674.0,12229.0,704.0,86,3,16.76,49.56,0,0,1
25,38193.0,13743.0,588.0,156,5,11.44,35.98,1,0,0
55,73845.0,9798.0,649.0,33,2,7.92,13.27,0,1,0
32,65259.0,9421.0,597.0,96,4,11.24,14.44,0,0,0
45,67986.0,26700.0,495.0,168,9,5.39,39.27,0,1,1
41,66437.0,14247.0,596.0,168,8,8.0,21.44,0,1,0
56,78216.0,10135.0,704.0,150,10,13.57,12.96,1,1,0
43,50295.0,14712.0,460.0,70,2,13.91,29.25,1,0,1
36,57169.0,18760.0,670.0,2,4,14.23,32.81,1,1,0
59,36484.0,15361.0,555.0,57,7,13.01,42.1,0,1,1
62,31996.0,13560.0,699.0,31,5,10.23,42.38,1,1,0
59,25413.0,10450.0,707.0,30,3,12.78,41.12,0,0,0
34,39067.0,10365.0,636.0,81,7,11.25,26.53,1,1,1
51,82946.0,10815.0,636.0,42,10,6.5,13.04,1,1,1
25,27051.0,17372.0,585.0,134,2,9.91,64.22,0,1,1
55,49536.0,8041.0,542.0,104,2,16.56,16.23,1,0,1
43,31723.0,17753.0,786.0,0,3,19.35,55.96,0,0,0
49,44182.0,24891.0,581.0,60,8,15.61,56.34,0,0,1
63,58054.0,17280.0,775.0,13,4,19.17,29.77,0,0,0
31,42398.0,12413.0,581.0,179,7,13.34,29.28,0,0,0
38,74614.0,5913.0,692.0,223,5,19.97,7.92,1,0,0
32,82612.0,26047.0,559.0,5,2,21.22,31.53,0,1,1
29,15000.0,6810.0,692.0,102,7,6.07,45.4,0,0,0
30,42706.0,20940.0,624.0,9,11,13.89,49.03,1,1,1
64,56065.0,19470.0,625.0,70,8,13.35,34.73,1,0,1
37,75270.0,13343.0,699.0,89,7,11.3,17.73,1,0,0
58,46824.0,13159.0,612.0,225,3,14.97,28.1,1,0,0
27,54641.0,2150.0,536.0,157,10,13.16,3.93,1,0,0
33,34179.0,17310.0,711.0,227,5,10.06,50.65,0,1,0
60,27410.0,19339.0,558.0,148,0,12.89,70.55,0,1,1
62,81017.0,7376.0,691.0,125,3,17.82,9.1,0,0,0
29,22167.0,13909.0,728.0,187,7,13.73,62.75,0,0,0
47,96915.0,15265.0,620.0,208,0,15.51,15.75,1,0,0
22,68053.0,19092.0,745.0,96,2,11.89,28.05,0,1,0
25,67240.0,15027.0,689.0,73,0,14.81,22.35,1,1,0
49,65358.0,3616.0,594.0,114,8,8.16,5.53,0,1,0
57,50452.0,11290.0,762.0,190,1,11.0,22.38,0,1,0
58,62058.0,16572.0,559.0,238,8,12.59,26.7,0,1,0
39,51600.0,20891.0,620.0,169,3,7.89,40.49,1,0,0
28,64955.0,10677.0,633.0,50,1,9.68,16.44,1,0,1
21,54394.0,30314.0,698.0,191,3,14.25,55.73,1,1,0
42,37894.0,1739.0,739.0,203,11,13.52,4.59,0,1,0
37,39330.0,11054.0,734.0,55,10,16.23,28.11,1,1,0
27,37283.0,14419.0,668.0,207,10,10.6,38.67,0,1,0
45,72476.0,13595.0,628.0,40,9,13.23,18.76,0,0,1
24,43886.0,6375.0,504.0,31,5,10.31,14.53,1,1,1
56,20582.0,18135.0,545.0,14,10,15.82,88.11,0,1,1
26,62143.0,17598.0,791.0,61,6,17.76,28.32,1,0,0
51,82261.0,15336.0,503.0,154,2,14.93,18.64,0,1,1
39,68915.0,17323.0,587.0,27,2,17.24,25.14,1,1,1
64,44140.0,12034.0,742.0,208,11,13.13,27.26,1,0,0
59,26437.0,3678.0,667.0,63,9,16.22,13.91,0,0,0
47,52583.0,9984.0,724.0,237,11,13.3,18.99,1,0,0
30,52134.0,16099.0,693.0,186,7,8.9,30.88,0,1,0
46,37554.0,16139.0,768.0,185,4,13.99,42.98,1,0,0
39,64919.0,15290.0,674.0,129,3,9.02,23.55,0,1,0
59,88239.0,18841.0,703.0,126,6,22.36,21.35,0,1,0
23,59001.0,10932.0,592.0,35,6,11.66,18.53,0,0,1
33,57889.0,15187.0,697.0,113,8,15.58,26.23,0,1,0
48,38130.0,19005.0,618.0,198,8,12.95,49.84,1,1,0
40,80153.0,14406.0,614.0,12,4,8.07,17.97,0,0,0
48,53647.0,6297.0,722.0,14,11,5.41,11.74,0,0,0
28,44579.0,8270.0,722.0,88,7,16.0,18.55,0,1,0
61,56146.0,20816.0,785.0,214,9,19.2,37.07,0,1,0
59,63495.0,24747.0,780.0,187,0,10.06,38.97,1,0,0
21,57506.0,23227.0,723.0,21,8,6.37,40.39,1,0,0
23,76711.0,16625.0,512.0,190,7,11.7,21.67,0,0,1
33,61911.0,6578.0,796.0,217,5,9.25,10.62,1,1,0
48,49889.0,14956.0,723.0,224,2,10.4,29.98,1,0,0
45,62221.0,25936.0,589.0,202,2,15.44,41.68,0,1,1
53,63993.0,19329.0,708.0,73,7,12.8,30.2,1,1,0
58,31665.0,13548.0,567.0,24,4,9.68,42.79,0,0,1
26,75690.0,19400.0,699.0,100,9,15.35,25.63,1,1,0
64,49584.0,6114.0,545.0,175,10,15.67,12.33,1,0,0
52,50044.0,10130.0,585.0,170,6,11.65,20.24,0,1,0
41,68525.0,7411.0,707.0,116,4,13.55,10.82,1,0,0
36,68449.0,18287.0,736.0,165,7,15.08,26.72,1,1,0
41,42385.0,19999.0,676.0,40,9,14.7,47.18,0,1,0
31,69452.0,13923.0,627.0,172,9,13.16,20.05,1,0,0
57,44912.0,8889.0,481.0,87,3,18.73,19.79,0,0,1
56,87752.0,14862.0,633.0,167,1,15.33,16.94,1,0,0
55,40093.0,11594.0,693.0,109,2,11.2,28.92,1,0,0
39,59311.0,9427.0,625.0,119,7,11.22,15.89,0,1,0
40,40924.0,17373.0,648.0,96,10,10.77,42.45,0,1,0
38,95009.0,9694.0,635.0,144,6,15.53,10.2,1,0,0
61,32719.0,4036.0,624.0,215,1,10.51,12.34,0,1,0
34,64439.0,5591.0,656.0,228,5,11.3,8.68,0,1,0
35,41772.0,3777.0,628.0,56,8,17.23,9.04,0,1,0
51,48626.0,16733.0,765.0,129,3,13.77,34.41,0,0,0
21,63164.0,16053.0,473.0,95,8,17.79,25.41,0,0,1
23,77043.0,15704.0,606.0,120,1,16.19,20.38,0,0,0
36,84221.0,19114.0,580.0,61,1,8.29,22.7,0,1,0
43,27335.0,23344.0,668.0,215,8,12.59,85.4,1,0,0
31,59820.0,10854.0,656.0,136,11,16.96,18.14,0,0,0
32,81271.0,17845.0,780.0,67,6,8.11,21.96,0,0,0
30,24664.0,3943.0,806.0,80,6,14.68,15.99,0,1,0
52,60659.0,24651.0,588.0,16,0,12.84,40.64,1,0,1
36,54962.0,6286.0,650.0,116,10,5.98,11.44,0,0,0
28,62462.0,10029.0,666.0,49,5,13.48,16.06,0,0,0
58,41099.0,10816.0,586.0,111,6,9.65,26.32,0,0,0
32,29159.0,4316.0,700.0,93,10,8.33,14.8,1,1,0
44,20564.0,15228.0,631.0,167,5,13.04,74.05,1,0,0
48,72575.0,16497.0,565.0,185,5,5.28,22.73,1,0,0
28,74873.0,13674.0,628.0,202,1,10.3,18.26,1,1,0
48,60448.0,4218.0,570.0,84,5,23.2,6.98,1,0,1
56,45385.0,28884.0,733.0,148,3,15.6,63.64,0,0,0
46,25785.0,18845.0,802.0,145,8,9.47,73.09,1,1,0
28,65140.0,33440.0,670.0,182,11,18.62,51.34,0,0,0
48,35186.0,9364.0,659.0,156,0,9.03,26.61,1,0,0
48,42197.0,21705.0,662.0,151,7,10.79,51.44,1,0,0
57,44442.0,20455.0,745.0,73,4,8.4,46.03,0,0,0
61,51444.0,12966.0,743.0,108,0,14.02,25.2,0,1,0
56,41337.0,24877.0,641.0,144,3,18.47,60.18,0,1,0
47,55602.0,12162.0,670.0,17,0,9.0,21.87,1,1,0
37,43807.0,12474.0,702.0,41,5,4.76,28.47,1,0,1
29,67625.0,1000.0,559.0,239,1,17.36,1.48,1,0,0
53,73559.0,17863.0,747.0,211,4,19.22,24.28,0,1,0
40,56954.0,5721.0,789.0,100,6,5.02,10.04,1,1,0
33,63327.0,11145.0,743.0,44,1,14.84,17.6,1,0,0
48,93121.0,7816.0,550.0,81,5,13.91,8.39,1,0,1
49,33893.0,12436.0,492.0,16,5,9.85,36.69,0,0,1
33,32798.0,18107.0,707.0,72,4,7.42,55.21,0,0,0
55,67510.0,15078.0,589.0,13,4,16.97,22.33,1,0,1
26,90038.0,19967.0,673.0,176,2,13.72,22.18,1,0,0
38,50311.0,23859.0,773.0,156,9,14.02,47.42,1,1,0
25,86083.0,12418.0,597.0,222,9,10.51,14.43,0,1,0
45,56736.0,11650.0,620.0,131,10,9.79,20.53,0,0,0
22,42744.0,21704.0,672.0,81,11,3.18,50.78,1,0,0
30,37168.0,22259.0,546.0,147,1,12.09,59.89,0,1,1
50,66329.0,20184.0,589.0,119,6,18.76,30.43,1,0,0
25,38531.0,8335.0,652.0,119,0,9.44,21.63,0,1,0
53,56463.0,17959.0,626.0,46,5,6.91,31.81,0,0,0
21,83502.0,15766.0,699.0,106,5,14.74,18.88,1,1,0
38,49478.0,22368.0,850.0,107,2,15.48,45.21,1,0,0
52,78652.0,10990.0,658.0,8,1,10.66,13.97,0,0,0
31,33138.0,3334.0,583.0,204,11,11.6,10.06,0,0,0
41,45390.0,19832.0,763.0,78,1,14.06,43.69,1,0,0
46,29671.0,1000.0,523.0,154,8,12.38,3.37,0,0,1
45,56314.0,9879.0,539.0,14,10,17.0,17.54,1,1,1
42,69041.0,7838.0,602.0,219,4,22.75,11.35,0,0,0
47,56353.0,7790.0,627.0,228,6,6.16,13.82,1,0,0
33,77087.0,9757.0,600.0,18,11,17.92,12.66,1,1,1
53,41515.0,23522.0,647.0,89,4,13.42,56.66,1,1,1
54,59056.0,20744.0,672.0,179,6,18.55,35.13,0,1,0
61,45506.0,13238.0,736.0,25,3,15.9,29.09,1,1,0
55,61510.0,22935.0,657.0,216,7,13.24,37.29,0,0,0
21,64067.0,7564.0,605.0,153,10,16.04,11.81,0,1,0
41,65483.0,6612.0,731.0,153,9,11.42,10.1,1,1,0
26,35729.0,21045.0,585.0,173,10,9.9,58.9,1,1,1
48,38985.0,19058.0,519.0,91,9,16.24,48.89,1,0,1
37,42323.0,11778.0,746.0,176,6,9.62,27.83,0,0,0
25,50700.0,7052.0,741.0,81,9,15.57,13.91,0,0,0
51,56569.0,25218.0,587.0,223,4,13.12,44.58,0,1,1
25,67746.0,2959.0,618.0,180,10,3.68,4.37,1,1,0
58,39734.0,10811.0,577.0,130,5,10.7,27.21,1,1,1
23,26182.0,16600.0,676.0,193,4,14.34,63.4,0,0,0
43,93803.0,27615.0,789.0,224,6,11.38,29.44,1,1,0
57,34634.0,17682.0,706.0,41,11,3.0,51.05,0,1,0
57,70054.0,18362.0,733.0,18,1,18.28,26.21,0,0,0
30,55563.0,11014.0,716.0,16,4,13.68,19.82,0,1,0
30,59524.0,18979.0,650.0,235,9,14.77,31.88,0,0,0
39,54972.0,15737.0,737.0,160,2,11.11,28.63,0,1,0
37,48073.0,3881.0,710.0,75,8,15.13,8.07,1,1,0
41,63352.0,20551.0,765.0,176,5,20.34,32.44,0,1,0
34,47105.0,21793.0,613.0,183,9,10.06,46.26,1,1,1
29,75993.0,20624.0,511.0,62,2,19.67,27.14,0,1,1
21,65232.0,15233.0,734.0,130,6,14.59,23.35,1,0,0
33,65793.0,8307.0,678.0,106,3,9.52,12.63,1,0,0
24,45872.0,1000.0,626.0,48,2,21.85,2.18,1,1,0
21,50746.0,16099.0,631.0,54,7,14.57,31.72,0,0,0
60,33618.0,22574.0,850.0,153,3,15.71,67.15,1,0,0
52,48646.0,21969.0,599.0,98,10,11.92,45.16,1,1,1
54,36342.0,20713.0,582.0,199,0,9.81,56.99,0,1,0
48,78635.0,14481.0,657.0,51,5,13.67,18.42,0,0,0
51,55910.0,22612.0,744.0,99,9,19.33,40.44,0,0,0
28,58069.0,21469.0,832.0,116,10,11.76,36.97,1,0,0
59,50947.0,12042.0,703.0,117,10,12.89,23.64,0,0,0
46,58556.0,19736.0,548.0,6,0,18.83,33.7,0,0,0
54,99368.0,11248.0,808.0,45,4,11.8,11.32,0,1,0
23,49597.0,18780.0,648.0,45,6,15.04,37.87,0,0,1
32,43293.0,5906.0,583.0,99,5,16.51,13.64,1,0,0
21,64534.0,6445.0,564.0,143,1,12.21,9.99,0,0,0
64,15000.0,22407.0,717.0,151,10,14.24,100.0,1,1,1
25,56151.0,21563.0,669.0,188,3,15.64,38.4,1,0,0
50,48309.0,19435.0,678.0,53,10,11.4,40.23,0,0,1
50,37138.0,15616.0,753.0,61,1,16.26,42.05,1,0,0
37,64140.0,1000.0,586.0,128,10,10.81,1.56,0,1,0
43,55972.0,14476.0,759.0,48,0,10.3,25.86,1,1,0
35,22557.0,18179.0,608.0,24,2,6.89,80.59,0,0,1
57,43362.0,11257.0,823.0,9,2,10.99,25.96,1,0,0
41,15000.0,10013.0,698.0,117,11,9.74,66.75,0,0,0
34,60279.0,25111.0,576.0,207,6,11.4,41.66,0,1,1
22,60099.0,14578.0,488.0,143,0,15.45,24.26,1,1,1
31,40721.0,18184.0,715.0,185,8,6.1,44.66,0,0,0
59,64722.0,20419.0,620.0,199,10,5.1,31.55,1,0,0
58,31915.0,7990.0,638.0,156,5,10.0,25.04,0,0,0
54,37603.0,16352.0,711.0,230,3,14.84,43.49,1,0,0
58,62509.0,24238.0,731.0,91,2,14.16,38.78,0,1,0
54,42604.0,27735.0,748.0,133,2,9.94,65.1,1,0,0
38,53872.0,15280.0,556.0,143,1,17.68,28.36,0,0,0
50,44854.0,13334.0,764.0,147,1,10.37,29.73,0,0,0
35,47603.0,16883.0,604.0,79,11,14.85,35.47,0,1,1
47,48390.0,16705.0,470.0,70,9,11.55,34.52,1,1,1
54,42278.0,24707.0,556.0,232,4,9.52,58.44,0,0,1
58,60444.0,8025.0,667.0,77,8,10.58,13.28,1,0,0
53,43697.0,13041.0,572.0,42,1,15.94,29.84,1,0,1
44,55282.0,7180.0,643.0,153,1,14.44,12.99,0,0,0
35,41883.0,7915.0,677.0,89,11,16.87,18.9,1,0,0
50,27383.0,17636.0,635.0,77,5,14.44,64.4,0,1,1
62,71424.0,20669.0,610.0,198,9,6.56,28.94,0,1,0
37,63991.0,10454.0,550.0,160,1,21.46,16.34,1,1,0
25,96196.0,20405.0,652.0,25,11,14.5,21.21,1,0,0
49,36208.0,22781.0,485.0,120,3,15.06,62.92,1,1,1
24,51239.0,28543.0,595.0,44,5,11.49,55.71,0,1,1
30,52687.0,15488.0,576.0,211,4,17.45,29.4,0,0,0
37,72809.0,10522.0,631.0,62,0,8.63,14.45,0,0,0
30,45872.0,7983.0,633.0,194,5,15.44,17.4,1,0,0
37,33921.0,7287.0,727.0,179,0,4.68,21.48,0,0,0
40,76741.0,23748.0,777.0,67,2,15.71,30.95,1,0,0
44,49300.0,4394.0,561.0,153,9,8.68,8.91,0,1,1
25,70816.0,23524.0,809.0,202,4,14.11,33.22,0,0,0
54,68720.0,8921.0,588.0,1,9,18.43,12.98,0,1,0
26,54462.0,10204.0,664.0,141,4,16.29,18.74,0,0,0
22,51862.0,13939.0,691.0,107,9,17.9,26.88,0,1,0
33,47952.0,10074.0,846.0,29,5,17.48,21.01,1,0,0
63,54727.0,21524.0,607.0,48,11,10.9,39.33,1,1,0
63,70536.0,27693.0,506.0,139,9,15.39,39.26,0,0,1
31,40664.0,10398.0,769.0,217,7,6.1,25.57,0,0,0
43,56959.0,11974.0,583.0,43,4,10.25,21.02,0,1,1
36,34865.0,13857.0,621.0,160,10,18.57,39.74,1,0,0
51,37106.0,18787.0,561.0,12,0,11.46,50.63,0,1,1
31,54443.0,13926.0,621.0,77,4,5.53,25.58,1,1,1
36,19717.0,24711.0,583.0,215,2,21.05,100.0,0,0,1
28,92090.0,23026.0,704.0,125,3,15.25,25.0,0,0,0
24,33525.0,6702.0,656.0,97,7,16.06,19.99,1,1,0
60,54278.0,18647.0,596.0,235,6,9.08,34.35,0,0,0
24,76028.0,25642.0,730.0,25,10,14.14,33.73,1,1,0
45,39468.0,11537.0,670.0,148,4,14.03,29.23,0,1,0
23,15000.0,12940.0,502.0,155,1,9.71,86.27,0,0,1
52,46991.0,11304.0,724.0,47,5,12.32,24.06,0,0,0
23,39253.0,11450.0,665.0,227,10,7.0,29.17,1,1,0
47,15000.0,3321.0,761.0,167,5,11.61,22.14,1,0,0
49,60128.0,5702.0,660.0,65,9,16.9,9.48,0,0,0
52,58728.0,15542.0,587.0,233,9,10.01,26.46,1,0,0
39,75562.0,25595.0,634.0,200,10,20.63,33.87,0,1,0
41,34825.0,10706.0,714.0,86,5,7.26,30.74,0,0,1
25,26216.0,10501.0,588.0,78,8,11.96,40.06,0,0,1
38,47679.0,26911.0,615.0,204,10,10.37,56.44,0,1,1
48,53410.0,7242.0,632.0,22,7,12.28,13.56,0,0,0
62,71584.0,3371.0,558.0,80,7,18.49,4.71,1,0,1
42,80390.0,9200.0,589.0,47,0,9.06,11.44,0,1,0
41,76861.0,10361.0,664.0,123,4,11.19,13.48,0,1,0
26,59978.0,2768.0,746.0,129,6,15.62,4.62,0,1,0
21,69391.0,14104.0,675.0,83,5,13.37,20.33,1,0,0
25,43471.0,21639.0,646.0,19,4,13.7,49.78,1,1,1
61,58031.0,5998.0,583.0,186,7,9.14,10.34,0,0,1
32,33557.0,15613.0,738.0,45,2,12.71,46.53,0,0,0
46,56128.0,17772.0,685.0,130,5,17.53,31.66,0,0,0
54,56596.0,14416.0,593.0,182,4,6.56,25.47,0,0,0
34,85998.0,16300.0,722.0,11,7,10.21,18.95,0,1,0
46,50878.0,16381.0,695.0,39,3,5.74,32.2,0,0,0
47,56621.0,9311.0,585.0,65,7,15.15,16.44,0,1,0
29,59265.0,25490.0,642.0,99,9,17.9,43.01,0,1,0
46,46813.0,23734.0,611.0,77,1,12.27,50.7,0,1,0
42,40555.0,23329.0,850.0,15,8,8.98,57.52,1,0,0
50,78379.0,22096.0,693.0,82,8,9.1,28.19,1,1,0
63,37343.0,3975.0,665.0,161,9,11.81,10.64,1,0,0
37,31097.0,21482.0,688.0,43,9,11.8,69.08,0,0,1
46,67245.0,19589.0,760.0,237,5,16.65,29.13,0,1,0
56,75841.0,4244.0,643.0,133,3,10.32,5.6,0,0,0
21,46875.0,13496.0,603.0,204,3,14.74,28.79,1,0,0
28,47151.0,16938.0,718.0,191,5,11.78,35.92,0,1,0
55,60086.0,26650.0,636.0,99,4,10.02,44.35,1,0,1
35,42259.0,20073.0,564.0,21,5,11.68,47.5,1,1,1
42,40929.0,8948.0,549.0,17,6,14.35,21.86,0,0,1
34,70833.0,26868.0,772.0,11,6,16.66,37.93,1,0,0
46,65928.0,15306.0,661.0,179,8,11.99,23.22,0,0,0
48,78601.0,13209.0,603.0,122,7,8.18,16.81,0,0,0
43,32453.0,12710.0,631.0,221,5,17.0,39.16,0,0,0
34,45956.0,3635.0,715.0,116,11,9.41,7.91,0,1,0
44,60061.0,14232.0,627.0,50,5,14.04,23.7,1,1,1
22,38339.0,18482.0,534.0,231,4,12.9,48.21,0,1,0
46,66550.0,12302.0,676.0,70,0,12.37,18.49,0,0,0
34,77043.0,17943.0,747.0,223,8,11.05,23.29,1,1,0
27,44500.0,8949.0,741.0,47,8,15.48,20.11,1,1,0
23,55695.0,14014.0,605.0,18,8,3.0,25.16,0,1,1
43,81201.0,17216.0,752.0,5,10,17.55,21.2,1,0,0
63,87387.0,16328.0,667.0,83,7,9.35,18.68,1,1,0
38,68424.0,3762.0,749.0,154,9,14.63,5.5,0,1,0
58,65682.0,11927.0,696.0,52,2,14.42,18.16,0,0,0
55,39633.0,26742.0,528.0,106,0,18.1,67.47,0,1,1
35,61466.0,11553.0,790.0,100,10,13.79,18.8,1,0,0
45,65023.0,15111.0,654.0,47,11,9.68,23.24,1,1,0
57,51213.0,14393.0,696.0,134,11,6.58,28.1,1,1,0
48,44294.0,25978.0,542.0,186,7,11.6,58.65,0,1,1
30,31937.0,24033.0,690.0,68,6,5.17,75.25,0,0,0
59,23721.0,20653.0,738.0,10,4,10.49,87.07,0,0,0
37,19938.0,8187.0,805.0,142,9,11.83,41.06,0,1,0
59,65430.0,17514.0,762.0,191,6,10.24,26.77,1,0,0
42,57659.0,18976.0,694.0,130,9,13.17,32.91,1,0,0
46,46291.0,10110.0,526.0,121,3,12.06,21.84,0,1,1
64,49034.0,8906.0,661.0,68,8,11.69,18.16,0,0,0
45,58788.0,26935.0,603.0,22,10,3.3,45.82,0,0,0
37,52038.0,12894.0,669.0,180,9,7.82,24.78,0,0,0
33,30870.0,26305.0,553.0,36,1,15.57,85.21,0,0,1
40,71434.0,21980.0,633.0,8,8,16.22,30.77,0,1,1
45,60474.0,17855.0,609.0,14,8,5.64,29.53,0,1,1
24,59786.0,18168.0,606.0,130,4,9.74,30.39,0,1,0
30,70076.0,5197.0,607.0,92,10,17.29,7.42,0,1,0
23,40354.0,16447.0,639.0,197,0,10.13,40.76,0,1,0
61,76847.0,24919.0,673.0,16,6,12.55,32.43,1,1,0
38,52479.0,19769.0,450.0,153,9,18.77,37.67,0,0,1
56,70995.0,16080.0,460.0,148,9,11.55,22.65,1,1,1
42,68220.0,26984.0,623.0,71,3,10.98,39.55,0,0,1
54,36302.0,13705.0,634.0,148,8,12.37,37.75,0,1,0
28,64052.0,10663.0,665.0,120,5,20.41,16.65,0,1,0
60,60873.0,16077.0,592.0,10,2,14.78,26.41,0,0,1
64,55546.0,20365.0,651.0,165,5,13.08,36.66,1,1,0
39,53301.0,2975.0,660.0,71,9,10.9,5.58,0,0,0
62,53454.0,16994.0,591.0,105,5,15.16,31.79,1,1,0
61,69628.0,20672.0,731.0,215,4,15.64,29.69,1,0,0
57,65402.0,13113.0,664.0,124,1,8.71,20.05,0,1,0
26,55549.0,22749.0,694.0,34,9,15.75,40.95,0,0,0
46,28145.0,19488.0,656.0,118,9,12.4,69.24,1,0,1
54,63900.0,29990.0,818.0,13,1,13.1,46.93,0,0,0
26,68025.0,9746.0,698.0,13,6,9.46,14.33,1,0,0
57,96407.0,20815.0,611.0,9,1,11.4,21.59,0,0,0
53,74358.0,7879.0,716.0,139,11,8.88,10.6,0,1,0
42,20815.0,3692.0,519.0,37,5,8.69,17.74,0,0,1
41,56412.0,1000.0,660.0,107,4,14.51,1.77,0,0,0
26,87605.0,18768.0,676.0,118,3,11.58,21.42,1,0,0
26,66224.0,16290.0,660.0,237,6,7.8,24.6,0,1,0
24,60916.0,11647.0,623.0,33,7,21.71,19.12,1,1,1
50,71204.0,2585.0,569.0,168,3,8.5,3.63,0,1,0
31,43797.0,10167.0,587.0,9,0,17.37,23.21,0,1,1
50,63606.0,15029.0,658.0,121,0,7.09,23.63,0,0,0
51,50492.0,20552.0,561.0,144,0,14.83,40.7,0,0,1
44,54647.0,14884.0,792.0,144,10,12.0,27.24,0,0,0
29,69912.0,16764.0,439.0,194,0,10.48,23.98,0,1,1
23,38319.0,12367.0,624.0,189,4,13.79,32.27,1,1,1
51,78184.0,27245.0,659.0,222,3,13.25,34.85,0,0,0
60,47389.0,7872.0,691.0,114,8,9.75,16.61,0,0,0
57,59692.0,10105.0,577.0,0,2,9.57,16.93,1,0,0
56,29791.0,11553.0,741.0,11,6,6.7,38.78,1,0,0
44,67957.0,18799.0,538.0,102,10,14.22,27.66,0,1,1
51,81037.0,7728.0,605.0,3,7,7.98,9.54,0,0,0
26,45736.0,15950.0,700.0,169,5,13.02,34.87,1,1,0
22,35016.0,16154.0,733.0,140,11,15.37,46.13,1,0,0
40,60004.0,10139.0,538.0,97,9,13.83,16.9,0,1,1
48,81187.0,17310.0,850.0,105,0,10.11,21.32,0,1,0
31,28903.0,7945.0,578.0,84,7,16.64,27.49,1,1,0
24,35086.0,7180.0,545.0,213,9,11.37,20.46,0,1,1
35,46825.0,15697.0,690.0,120,2,7.66,33.52,1,1,0
26,40234.0,3382.0,622.0,131,7,11.87,8.41,0,1,0
50,40291.0,1000.0,610.0,81,11,15.35,2.48,1,1,0
58,17306.0,18730.0,698.0,196,3,10.3,100.0,0,1,0
22,65603.0,22343.0,528.0,18,7,16.51,34.06,0,1,1
35,61097.0,11732.0,514.0,129,10,9.92,19.2,1,1,1
31,24421.0,10324.0,602.0,11,0,10.46,42.28,0,1,1
28,81230.0,22039.0,736.0,80,2,8.82,27.13,0,1,0
46,85260.0,6981.0,606.0,73,5,15.73,8.19,0,0,0
64,41484.0,5456.0,778.0,97,8,12.79,13.15,0,0,0
25,75998.0,19953.0,746.0,5,1,9.08,26.25,0,0,0
26,44686.0,15063.0,673.0,135,10,11.42,33.71,1,1,0
46,58260.0,22454.0,677.0,124,0,3.0,38.54,0,1,1
24,39956.0,1000.0,673.0,50,9,16.11,2.5,0,0,0
39,94857.0,5195.0,663.0,10,2,12.32,5.48,0,1,0
40,49672.0,15100.0,621.0,190,3,3.38,30.4,1,1,0
53,57276.0,17924.0,630.0,184,10,7.17,31.29,1,0,0
40,42617.0,20929.0,564.0,126,4,11.31,49.11,0,1,0
32,88504.0,16224.0,473.0,139,2,7.74,18.33,0,1,1
21,88959.0,16153.0,738.0,72,9,16.17,18.16,1,0,0
46,84357.0,12274.0,663.0,1,10,14.67,14.55,0,1,0
34,72216.0,26136.0,650.0,7,1,14.44,36.19,1,1,0
58,43754.0,7279.0,682.0,138,1,3.0,16.64,1,0,0
57,69901.0,17513.0,584.0,123,6,10.9,25.05,1,0,0
31,54873.0,8085.0,570.0,52,8,10.21,14.73,0,1,0
56,78623.0,18743.0,627.0,227,9,9.18,23.84,1,0,0
33,75086.0,7741.0,759.0,9,1,11.34,10.31,1,0,0
63,43313.0,20207.0,557.0,212,6,8.5,46.65,1,0,0
23,72061.0,15785.0,440.0,211,6,13.86,21.91,0,1,1
53,67277.0,27212.0,608.0,111,10,16.07,40.45,0,1,1
26,15000.0,13033.0,741.0,7,6,15.72,86.89,0,1,0
30,69417.0,17975.0,511.0,35,2,12.45,25.89,0,0,1
25,47228.0,9542.0,556.0,220,11,21.0,20.2,1,1,1
43,39051.0,12985.0,671.0,105,6,17.56,33.25,0,0,0
30,39821.0,15740.0,850.0,203,0,12.59,39.53,0,0,0
64,52566.0,4309.0,541.0,13,9,11.07,8.2,0,0,0
22,63641.0,5077.0,538.0,239,0,18.35,7.98,1,0,1
33,30422.0,19199.0,677.0,181,4,17.03,63.11,1,1,0
60,58417.0,13977.0,746.0,212,1,7.36,23.93,0,1,0
22,65382.0,10850.0,600.0,85,8,17.34,16.59,0,0,0
40,88513.0,9841.0,520.0,148,6,12.38,11.12,0,1,0
21,35620.0,10111.0,685.0,235,3,9.56,28.39,1,1,0
57,48707.0,15788.0,699.0,49,3,5.08,32.41,1,1,0
29,59710.0,18115.0,792.0,221,1,11.92,30.34,1,0,0
37,75653.0,1000.0,703.0,166,4,12.95,1.32,0,1,0
29,49524.0,24890.0,716.0,19,3,19.35,50.26,1,0,0
31,76576.0,24392.0,629.0,215,11,16.83,31.85,0,1,0
35,20127.0,1000.0,845.0,86,0,10.67,4.97,1,0,0
44,32440.0,22601.0,618.0,134,11,14.56,69.67,0,1,1
58,61276.0,22387.0,601.0,136,7,16.3,36.53,1,0,0
55,29605.0,15003.0,795.0,128,2,13.34,50.68,0,0,0
50,33860.0,5920.0,532.0,153,5,10.65,17.48,1,1,1
51,45500.0,22107.0,502.0,165,3,10.87,48.59,1,1,1
25,68886.0,13311.0,660.0,37,8,14.54,19.32,0,1,0
64,20873.0,18842.0,650.0,188,6,14.65,90.27,0,1,0
34,58065.0,30534.0,632.0,43,8,11.83,52.59,1,0,1
31,73593.0,16763.0,730.0,85,9,3.0,22.78,0,1,0
29,51491.0,8582.0,577.0,43,2,7.84,16.67,0,0,0
54,48361.0,12650.0,655.0,73,0,15.48,26.16,0,0,0
32,62232.0,9474.0,621.0,118,4,4.48,15.22,1,1,0
55,51542.0,18034.0,579.0,189,2,17.74,34.99,0,1,1
55,80029.0,9358.0,645.0,121,5,17.14,11.69,0,1,0
21,34995.0,11690.0,718.0,133,7,13.16,33.4,0,1,0
60,54070.0,6009.0,820.0,144,10,15.39,11.11,0,1,0
42,58702.0,14075.0,696.0,50,3,15.12,23.98,1,0,0
49,48188.0,16237.0,449.0,37,4,12.53,33.7,1,0,1
28,15000.0,1000.0,647.0,151,4,7.5,6.67,1,1,0
31,52104.0,16817.0,654.0,50,3,16.87,32.28,0,0,0
61,71203.0,14680.0,725.0,9,3,18.63,20.62,1,0,0
57,69006.0,9645.0,665.0,119,3,8.17,13.98,0,0,0
34,61386.0,29200.0,750.0,199,3,7.35,47.57,0,1,0
50,35238.0,21709.0,681.0,148,3,12.45,61.61,1,0,1
55,62116.0,7325.0,775.0,69,4,10.5,11.79,1,1,0
41,44678.0,20868.0,615.0,84,1,13.58,46.71,1,1,1
57,61363.0,23711.0,662.0,56,1,17.83,38.64,1,0,0
25,57187.0,15924.0,716.0,125,8,4.02,27.85,0,1,0
39,37425.0,17530.0,604.0,38,1,19.33,46.84,0,1,1
34,38936.0,17368.0,587.0,215,5,11.37,44.61,1,1,0
46,61390.0,1000.0,600.0,32,1,15.05,1.63,0,1,1
24,51020.0,13692.0,590.0,186,4,15.47,26.84,0,0,0
45,39875.0,13328.0,692.0,17,3,15.94,33.42,1,1,0
62,38389.0,25011.0,503.0,183,11,13.25,65.15,1,0,1
45,49531.0,17336.0,526.0,219,6,14.18,35.0,0,1,1
38,83226.0,12917.0,799.0,56,6,14.16,15.52,1,1,0
60,45531.0,14369.0,592.0,95,5,10.48,31.56,1,1,0
28,54748.0,22164.0,666.0,203,9,5.97,40.48,1,0,0
59,56830.0,13708.0,531.0,47,4,8.12,24.12,0,0,1
60,34642.0,10113.0,658.0,41,0,12.58,29.19,0,0,0
34,23269.0,13070.0,592.0,26,11,9.85,56.17,0,0,1
52,36520.0,21585.0,525.0,73,2,9.86,59.1,0,0,1
58,59447.0,18473.0,757.0,109,8,20.2,31.07,0,1,0
53,56572.0,15310.0,745.0,179,0,16.44,27.06,0,0,0
43,67643.0,16341.0,641.0,169,4,11.99,24.16,0,1,0
35,56741.0,11082.0,730.0,31,1,15.69,19.53,1,0,0
53,53028.0,13642.0,802.0,233,3,11.32,25.73,0,1,0
45,44128.0,10357.0,710.0,25,10,13.44,23.47,1,1,0
37,70923.0,12937.0,688.0,24,0,14.77,18.24,1,1,0
53,38455.0,24423.0,666.0,74,2,11.33,63.51,0,1,1
22,35013.0,7455.0,702.0,22,9,10.26,21.29,1,0,0
34,65207.0,10179.0,621.0,225,6,17.9,15.61,1,1,0
60,31003.0,6220.0,628.0,56,9,15.46,20.06,0,0,0
60,98466.0,4704.0,686.0,179,2,3.98,4.78,1,0,0
